,shoes
0,AJKO 1 Low
1,Air Jodan 1 Mid
2,Air Jordan 1 High G
3,Air Jordan 1 High MM
4,Air Jordan 1 High OG
5,Air Jordan 1 Low
6,Air Jordan 1 Low FlyEase
7,Air Jordan 1 Low SE Craft
8,Air Jordan 1 Mid
9,Air Jordan 1 Mid SE
10,Air Jordan 1 Mid SE Craft
11,Air Jordan 1 Retro High OG Mauve
12,Air Jordan 1 Retro High OG Satin Bred
13,Air Jordan 1 Retro Low OG White/Red
14,Air Jordan 1 Zoom CMFT 2
15,Air Jordan 11 CMFT Low
16,Air Jordan 12 Retro
17,Air Jordan 2 Retro
18,Air Jordan 4 Retro
19,Air Jordan 5 Retro SE
20,Air Jordan 6 Retro Aqua
21,Converse Chuck Taylor All Star Low Top
22,Converse x TURBODRK Chuck 70 Laceless
23,Cosmic Unity 3
24,Freak 4
25,Freak 5 (Team)
26,Giannis Immortality 2
27,Ja 1
28,Jordan 1 Retro High OG
29,Jordan ADG 4
30,Jordan ADG 4 x Eastside Golf
31,Jordan Pro Strong
32,Jordan Stadium 90
33,Jordan True Flight
34,Jordan XII G
35,Jumpman MVP
36,Jumpman Two Trey
37,KD 16 By You
38,KD Trey 5 IX
39,KD Trey 5 X
40,KD16 Aunt Pearl
41,Lebron 19
42,Lebron NXXT Gen
43,Lebron Witness 7
44,Lebron XX SE
45,Luka 2 The Pitch
46,NOCTA x Nike Hot Step Air Terra
47,Nike ACG Air Mada
48,Nike ACG Lowcate
49,Nike ACG Moc
50,Nike ACG Moc Premium
51,Nike ACG Watercat+
52,Nike Air Alpha Force 88
53,Nike Air Dunk Jumbo
54,Nike Air Flight Huarache
55,Nike Air Force 1 '07
56,Nike Air Force 1 '07 EasyOn
57,Nike Air Force 1 '07 LV8
58,Nike Air Force 1 '07 Premium
59,Nike Air Force 1 '07 SE
60,Nike Air Force 1 Lover XX
61,Nike Air Force 1 Low By You
62,Nike Air Force 1 Low Retro
63,Nike Air Force 1 Shadow
64,Nike Air Fore 1 High LE
65,Nike Air Huarache By You
66,Nike Air Huarache Craft
67,Nike Air MAx Excee
68,Nike Air Max 1 '87 By You
69,Nike Air Max 1 SE EZ
70,Nike Air Max 2013
71,Nike Air Max 2017
72,Nike Air Max 2021
73,Nike Air Max 270
74,Nike Air Max 270 GO
75,Nike Air Max 90
76,Nike Air Max 90 AMD
77,Nike Air Max 90 LTR
78,Nike Air Max 95 By You
79,Nike Air Max 95 Unlocked By You
80,Nike Air Max 97
81,Nike Air Max 97 By You Greatest Gift
82,Nike Air Max 97 Premium
83,Nike Air Max 97 SE
84,Nike Air Max Alpha Trainer 5
85,Nike Air Max Bella TR 5 Premium
86,Nike Air Max Bliss
87,Nike Air Max Bolt
88,Nike Air Max Correlate
89,Nike Air Max Flyknit Racer
90,Nike Air Max Goaterra 2.0
91,Nike Air Max INTRLK Lite
92,Nike Air Max Plus
93,Nike Air Max SC
94,Nike Air Max SC SE
95,Nike Air Max SYSTM
96,Nike Air Max Solo
97,Nike Air Max TW
98,Nike Air Max Thea
99,Nike Air More Uptempo
100,Nike Air More Uptempo '96
101,Nike Air More Uptempo x Serena Williams Design Crew
102,Nike Air Penny 2
103,Nike Air Presto
104,Nike Air Presto Mid Utility
105,Nike Air Trainer 1
106,Nike Air VaporMax 2023 Flyknit
107,Nike Air VaporMax Plus
108,Nike Air Zoom Arcadia 2
109,Nike Air Zoom Crossover 2 SE
110,Nike Air Zoom Generation
111,Nike Air Zoom Infinity Tour NEXT%
112,Nike Air Zoom Pegasus 40
113,Nike Air Zoom Victory
114,Nike Air Zoom Victory Tour 3 NRG
115,Nike Alpha Huarache Elite 4 Low MCS
116,Nike Alpha Huarache Elite 4 Mid
117,Nike Alpha Huarache Elite 4 Turf
118,Nike Alpha Menace Pro 3
119,Nike Blazer Low '77 Jumbo
120,Nike Blazer Mid '77
121,Nike Blazer Mid Premium
122,Nike Calm
123,Nike City Classic
124,Nike College Air Max SYSTEM (Florida)
125,Nike Cortez Platform Unlocked By You
126,Nike Court Borough Low Recraft
127,Nike Court Borough Mid 2
128,Nike Court Legacy
129,Nike Court Legacy Next Nature
130,Nike Court Royal 2 Mid
131,Nike Court Vintage Premium
132,Nike Court Vision Alta
133,Nike Downshifter 12
134,Nike Dunk High 1985
135,Nike Dunk High Premium
136,Nike Dunk High Retro
137,Nike Dunk Low Retro
138,Nike Dunk Low Retro Premium
139,Nike Dunk Low Twist
140,Nike Dunk Low Unlocked By You
141,Nike Dunk Mid Premium
142,Nike Dynamo Go
143,Nike Elevate 2
144,Nike Flex Advance
145,Nike Flex Control 4
146,Nike Flex Runenr 2
147,Nike Flex Runner 2
148,Nike Fontanka Waffle
149,Nike Force 1
150,Nike Force 1 Low
151,Nike Force Trout 9 Keystone
152,Nike Force Zoom Trout 9 Pro
153,Nike Free Metcon 4
154,Nike Free Metcon 5
155,Nike Free RN By You
156,Nike Free RN NN
157,Nike Free Run 2
158,Nike Free Run 2018
159,Nike Free Run 5.0
160,Nike Future Field
161,Nike G.T. Cut 2
162,Nike G.T. Hustle 2
163,Nike Gamma Force
164,Nike Griffey 2
165,Nike Gripknit Phantom GX Elite Dynamic Fit FG By You
166,Nike Gripknit Phantom GX Elite FG By You
167,Nike Hyperdiamond 4 Pro
168,Nike Icon Classic
169,Nike In-Season TR 13
170,Nike Infinity Ace Next Nature
171,Nike Infinity Pro 2
172,Nike Infinity RN 4
173,Nike InfinityRN 4
174,Nike Initiator
175,Nike Internationalist By You
176,Nike Invincible 3 By You
177,Nike Invincible Run 3
178,Nike Jr. Mercurial Superfly 9 Club
179,Nike Jr. Streetgato
180,Nike Jr. Tiempo Legend 10 Club
181,Nike Juniper Trail 2 GORE-TEX
182,Nike Kawa
183,Nike Kiger 9
184,Nike Killshot 2 Leather
185,Nike Lunar Force 1
186,Nike MC Trainer 2
187,Nike MD Valiant
188,Nike Manoa
189,Nike Manoa LTR
190,Nike Max 90 Crib
191,Nike Mercurial Superfly 9 Academy
192,Nike Mercurial Superfly 9 Elite
193,Nike Mercurial Superfly 9 Elite By You
194,Nike Mercurial Vapor 15 Academy
195,Nike Metcon 8 AMP
196,Nike Metcon 9 By You
197,Nike Offcour (NFL Arizona Cardinals)
198,Nike Offcourt (Kentucky)
199,Nike Offcourt Adjust
200,Nike Omni Multi-Court
201,Nike P-6000
202,Nike Pegasus 40
203,Nike Pegasus 40 (Florida State)
204,Nike Pegasus 40 (NFL Jacksonville Jaguars)
205,Nike Pegasus 40 (NFL New York Giants)
206,Nike Pegasus 40 OTC
207,Nike Pegasus Shield
208,Nike Pegasus Trail 4
209,Nike Pegasus Trail 4 GORE-TEX
210,Nike Pegasus Trail 4 GORE-TEX By You
211,Nike Pegasus Turbo
212,Nike Phantom GX Academy MG By You
213,Nike Phantom GX Elite
214,Nike Phantom GX Pro
215,Nike Renew Eleveate 3
216,Nike Renew Ride 3
217,Nike Revolution 5
218,Nike Revolution 6
219,Nike Revolution 7
220,Nike Rival Sprint
221,Nike Rival Waffle 6
222,Nike Rival XC 6
223,Nike SB Chron 2 Canvas
224,Nike SB Force 58
225,Nike SB Ishod Wair
226,Nike SB React Leo
227,Nike SB Zoom Blazer Low Pro GT
228,Nike SB Zoom Blazer Mid
229,Nike SB Zoom Janoski OG+
230,Nike SFB B1
231,Nike Shox TL
232,Nike Star Runner 4
233,Nike Structure 25
234,Nike Sunray Protect 2
235,Nike SuperRep Go 3 Flyknit Next Nature
236,Nike Tanjun EasyOn
237,Nike Team Hustle D 11
238,Nike Team Hystle D 11
239,Nike Tech Hera
240,Nike Tiempo Legend 10 Pro
241,Nike Ultrafly
242,Nike V2K Run
243,Nike Vapor Edge Elite 360 2
244,Nike Vapor Edge Shark 2
245,Nike Vaporfly 3
246,Nike Vomero 17
247,Nike Waffle Debut
248,Nike Waffle Debut Vintage
249,Nike Waffle One Vintage
250,Nike Winflo 10
251,Nike Zegama
252,Nike Zoom Fly 5
253,Nike Zoom KD 3
254,Nike Zoom Mercurial Vapor 15 Elite KM FG
255,Nike Zoom Superfly Elite 2
256,NikeCourt Air Zoom Lite 3
257,NikeCourt Air Zoom NXT
258,NikeCourt Air Zoom Pro
259,NikeCourt Air Zoom Vapor 9.5 Tour Leather
260,NikeCourt Vapor Lite 2
261,NikeCourt Zoom Vapor Cage 4 Rafa
262,NikePremier 3
263,Run Star Hike Platform
264,Sabrina 1 By You
265,Sabrina 1 Magnetic
266,Spelman
267,Tatum 1 Wave Runner
268,Zion 3
269,"Zion 3 Mud, Sweat and Tears"
